{"cameraMode":{"drawMode":0,"name":"Shaded","section":"Shading Mode"},"sceneLighting":false,"audioPlay":false,"sceneViewState":{"m_AlwaysRefresh":true,"showFog":true,"showSkybox":false,"showFlares":true,"showImageEffects":true,"showParticleSystems":true,"showVisualEffectGraphs":true,"m_FxEnabled":true},"in2DMode":false,"pivot":{"x":-0.004105567932128906,"y":2.001063346862793,"z":0.005216121673583984},"rotation":{"x":0.10549511760473252,"y":0.7375437617301941,"z":-0.11809080839157105,"w":0.6566444039344788},"size":12.302542686462403,"orthographic":false}