{"cameraMode":{"drawMode":0,"name":"Shaded","section":"Shading Mode"},"sceneLighting":false,"audioPlay":false,"sceneViewState":{"m_AlwaysRefresh":true,"showFog":true,"showSkybox":false,"showFlares":true,"showImageEffects":true,"showParticleSystems":true,"showVisualEffectGraphs":true,"m_FxEnabled":true},"in2DMode":false,"pivot":{"x":0.5337562561035156,"y":2.4958062171936037,"z":0.05347299575805664},"rotation":{"x":0.21872064471244813,"y":0.015003913082182408,"z":-0.003090780461207032,"w":0.9757798314094544},"size":6.77614164352417,"orthographic":false}