{"cameraMode":{"drawMode":0,"name":"Shaded","section":"Shading Mode"},"sceneLighting":false,"audioPlay":false,"sceneViewState":{"m_AlwaysRefresh":false,"showFog":true,"showSkybox":false,"showFlares":true,"showImageEffects":true,"showParticleSystems":true,"showVisualEffectGraphs":true,"m_FxEnabled":true},"in2DMode":false,"pivot":{"x":-0.07835102081298828,"y":0.6115384101867676,"z":-0.023652315139770509},"rotation":{"x":-0.32586050033569338,"y":-0.030630875378847123,"z":0.010565358214080334,"w":-0.9448664784431458},"size":3.7185423374176027,"orthographic":false}