{"cameraMode":{"drawMode":0,"name":"Shaded","section":"Shading Mode"},"sceneLighting":false,"audioPlay":false,"sceneViewState":{"m_AlwaysRefresh":true,"showFog":true,"showSkybox":false,"showFlares":true,"showImageEffects":true,"showParticleSystems":true,"showVisualEffectGraphs":true,"m_FxEnabled":true},"in2DMode":false,"pivot":{"x":-0.006163120269775391,"y":0.2809087038040161,"z":-0.031143665313720704},"rotation":{"x":-0.15122848749160767,"y":-0.595547616481781,"z":0.11495515704154968,"w":-0.780671238899231},"size":5.344337463378906,"orthographic":false}