{"cameraMode":{"drawMode":0,"name":"Shaded","section":"Shading Mode"},"sceneLighting":false,"audioPlay":false,"sceneViewState":{"m_AlwaysRefresh":false,"showFog":true,"showSkybox":false,"showFlares":true,"showImageEffects":true,"showParticleSystems":true,"showVisualEffectGraphs":true,"m_FxEnabled":true},"in2DMode":false,"pivot":{"x":-0.7151068449020386,"y":1.0418789386749268,"z":2.5750186443328859},"rotation":{"x":-0.31750038266181948,"y":0.040671441704034808,"z":-0.013634863309562207,"w":-0.9472952485084534},"size":3.8752548694610597,"orthographic":false}