{"cameraMode":{"drawMode":0,"name":"Shaded","section":"Shading Mode"},"sceneLighting":false,"audioPlay":false,"sceneViewState":{"m_AlwaysRefresh":true,"showFog":true,"showSkybox":false,"showFlares":true,"showImageEffects":true,"showParticleSystems":true,"showVisualEffectGraphs":true,"m_FxEnabled":true},"in2DMode":false,"pivot":{"x":0.21466445922851563,"y":3.474443197250366,"z":-0.6413488388061523},"rotation":{"x":0.21872064471244813,"y":0.015003913082182408,"z":-0.003090780461207032,"w":0.9757798314094544},"size":18.429855346679689,"orthographic":false}