{"cameraMode":{"drawMode":0,"name":"Shaded","section":"Shading Mode"},"sceneLighting":false,"audioPlay":false,"sceneViewState":{"m_AlwaysRefresh":true,"showFog":true,"showSkybox":false,"showFlares":true,"showImageEffects":true,"showParticleSystems":true,"showVisualEffectGraphs":true,"m_FxEnabled":true},"in2DMode":false,"pivot":{"x":-0.00400543212890625,"y":2.0050840377807619,"z":-0.0012483596801757813},"rotation":{"x":-0.15122848749160767,"y":-0.595547616481781,"z":0.11495515704154968,"w":-0.780671238899231},"size":12.302772521972657,"orthographic":false}