{"cameraMode":{"drawMode":0,"name":"Shaded","section":"Shading Mode"},"sceneLighting":false,"audioPlay":false,"sceneViewState":{"m_AlwaysRefresh":true,"showFog":true,"showSkybox":false,"showFlares":true,"showImageEffects":true,"showParticleSystems":true,"showVisualEffectGraphs":true,"m_FxEnabled":true},"in2DMode":false,"pivot":{"x":-1.0630841255187989,"y":4.501354217529297,"z":-0.02209949493408203},"rotation":{"x":0.21872064471244813,"y":0.015003913082182408,"z":-0.003090780461207032,"w":0.9757798314094544},"size":8.91218090057373,"orthographic":false}